{"cameraMode":{"drawMode":0,"name":"Shaded","section":"Shading Mode"},"sceneLighting":true,"audioPlay":false,"sceneViewState":{"m_AlwaysRefresh":false,"showFog":true,"showSkybox":true,"showFlares":true,"showImageEffects":true,"showParticleSystems":true,"showVisualEffectGraphs":true,"m_FxEnabled":true},"in2DMode":false,"pivot":{"x":-0.15993721783161164,"y":0.14597320556640626,"z":4.640632629394531},"rotation":{"x":0.00009976105502573773,"y":0.9434837102890015,"z":-0.3314218521118164,"w":0.00028375093825161457},"size":16.734262466430665,"orthographic":false}